Address,Price,Sold_Year
AINTREE VIC 3336,"$785,000 ",Sold by private treaty 24 Nov 2022
ALFREDTON VIC 3350,"$545,000 ",Sold by private treaty 24 Nov 2022
ALTONA VIC 3018,"$955,000 ",Sold by private treaty 24 Nov 2022
ALTONA MEADOWS VIC 3028,"$806,000 ",Sold by private treaty 24 Nov 2022
ALTONA MEADOWS VIC 3028,"$335,000 ",Sold by private treaty 24 Nov 2022
ANGLESEA VIC 3230,"$1,150,000 ",Sold by private treaty 24 Nov 2022
ARARAT VIC 3377,"$225,000 ",Sold by private treaty 24 Nov 2022
AVONDALE HEIGHTS VIC 3034,"$770,000 ",Sold by private treaty 24 Nov 2022
BALLARAT EAST VIC 3350,"$349,000 ",Sold by private treaty 24 Nov 2022
BALLARAT NORTH VIC 3350,"$430,000 ",Sold by private treaty 24 Nov 2022
BAYSWATER VIC 3153,"$1,020,000 ",Sold by private treaty 24 Nov 2022
BERWICK VIC 3806,"$705,000 ",Sold by private treaty 24 Nov 2022
BERWICK VIC 3806,"$685,000 ",Sold by private treaty 24 Nov 2022
BEVERIDGE VIC 3753,"$290,000 ",Sold by private treaty 24 Nov 2022
BOLWARRA VIC 3305,"$365,000 ",Sold by private treaty 24 Nov 2022
BROOKFIELD VIC 3338,"$520,000 ",Sold by private treaty 24 Nov 2022
BRUNSWICK EAST VIC 3057,"$460,000 ",Sold by private treaty 24 Nov 2022
CASTELLA VIC 3777,"$1,200,000 ",Sold by private treaty 24 Nov 2022
CASTLEMAINE VIC 3450,"$1,250,000 ",Sold by private treaty 24 Nov 2022
CLAYTON VIC 3168,"$1,315,000 ",Sold by private treaty 24 Nov 2022
CLYDE NORTH VIC 3978,"$850,000 ",Sold by private treaty 24 Nov 2022
CRESWICK VIC 3363,"$490,000 ",Sold by private treaty 24 Nov 2022
DANDENONG VIC 3175,"$245,000 ",Sold by private treaty 24 Nov 2022
DONCASTER VIC 3108,"$880,314 ",Sold by private treaty 24 Nov 2022
DONCASTER EAST VIC 3109,"$600,000 ",Sold at auction 24 Nov 2022
DONCASTER EAST VIC 3109,"$499,999 ",Sold by private treaty 24 Nov 2022
DONNYBROOK VIC 3064,"$590,000 ",Sold by private treaty 24 Nov 2022
DROUIN VIC 3818,"$780,000 ",Sold by private treaty 24 Nov 2022
ENFIELD VIC 3352,"$700,000 ",Sold by private treaty 24 Nov 2022
FERNTREE GULLY VIC 3156,"$655,000 ",Sold prior to auction 24 Nov 2022
FRASER RISE VIC 3336,"$720,000 ",Sold by private treaty 24 Nov 2022
FRASER RISE VIC 3336,"$780,000 ",Sold by private treaty 24 Nov 2022
GLENROY VIC 3046,"$866,000 ",Sold at auction 24 Nov 2022
GROVEDALE VIC 3216,"$535,000 ",Sold by private treaty 24 Nov 2022
HAMPTON PARK VIC 3976,"$815,000 ",Sold by private treaty 24 Nov 2022
HAMPTON PARK VIC 3976,"$685,000 ",Sold by private treaty 24 Nov 2022
HAZELWOOD SOUTH VIC 3840,"$310,000 ",Sold by private treaty 24 Nov 2022
HEIDELBERG HEIGHTS VIC 3081,"$561,000 ",Sold by private treaty 24 Nov 2022
HOPPERS CROSSING VIC 3029,"$582,000 ",Sold by private treaty 24 Nov 2022
HOPPERS CROSSING VIC 3029,"$750,000 ",Sold by private treaty 24 Nov 2022
KEILOR DOWNS VIC 3038,"$535,520 ",Sold by private treaty 24 Nov 2022
KENNINGTON VIC 3550,"$800,000 ",Sold by private treaty 24 Nov 2022
KEYSBOROUGH VIC 3173,"$1,300,000 ",Sold at auction 24 Nov 2022
KINGSBURY VIC 3083,"$820,000 ",Sold by private treaty 24 Nov 2022
KOO WEE RUP VIC 3981,"$685,000 ",Sold by private treaty 24 Nov 2022
KYABRAM VIC 3620,"$315,000 ",Sold by private treaty 24 Nov 2022
LAL LAL VIC 3352,"$450,000 ",Sold by private treaty 24 Nov 2022
LEOPOLD VIC 3224,"$592,000 ",Sold by private treaty 24 Nov 2022
LONG GULLY VIC 3550,"$675,000 ",Sold by private treaty 24 Nov 2022
LORNE VIC 3232,"$3,400,000 ",Sold by private treaty 24 Nov 2022
LOVELY BANKS VIC 3213,"$670,000 ",Sold by private treaty 24 Nov 2022
MALDON VIC 3463,"$715,000 ",Sold by private treaty 24 Nov 2022
MELTON SOUTH VIC 3338,"$529,000 ",Sold by private treaty 24 Nov 2022
MILDURA VIC 3500,"$425,000 ",Sold by private treaty 24 Nov 2022
MOONEE PONDS VIC 3039,"$407,000 ",Sold by private treaty 24 Nov 2022
MOOROOLBARK VIC 3138,"$960,000 ",Sold by private treaty 24 Nov 2022
MORWELL VIC 3840,"$499,000 ",Sold by private treaty 24 Nov 2022
MOUNT MARTHA VIC 3934,"$1,255,000 ",Sold by private treaty 24 Nov 2022
NARRE WARREN VIC 3805,"$920,000 ",Sold by private treaty 24 Nov 2022
NEWSTEAD VIC 3462,"$565,000 ",Sold by private treaty 24 Nov 2022
NIDDRIE VIC 3042,"$320,000 ",Sold by private treaty 24 Nov 2022
OAKLEIGH EAST VIC 3166,"$700,000 ",Sold at auction 24 Nov 2022
OFFICER VIC 3809,"$685,000 ",Sold by private treaty 24 Nov 2022
OFFICER VIC 3809,"$740,000 ",Sold by private treaty 24 Nov 2022
POINT COOK VIC 3030,"$680,000 ",Sold by private treaty 24 Nov 2022
PORTLAND VIC 3305,"$488,000 ",Sold by private treaty 24 Nov 2022
ROSEBUD VIC 3939,"$1,005,000 ",Sold by private treaty 24 Nov 2022
SMYTHES CREEK VIC 3351,"$690,000 ",Sold by private treaty 24 Nov 2022
SPEED VIC 3488,"$30,000 ",Sold by private treaty 24 Nov 2022
STRATHTULLOH VIC 3338,"$230,000 ",Sold by private treaty 24 Nov 2022
SUNBURY VIC 3429,"$750,000 ",Sold by private treaty 24 Nov 2022
SUNSHINE WEST VIC 3020,"$630,000 ",Sold by private treaty 24 Nov 2022
TARNEIT VIC 3029,"$552,000 ",Sold by private treaty 24 Nov 2022
TARNEIT VIC 3029,"$630,000 ",Sold by private treaty 24 Nov 2022
TAYLORS LAKES VIC 3038,"$1,070,000 ",Sold by private treaty 24 Nov 2022
THOMASTOWN VIC 3074,"$449,000 ",Sold by private treaty 24 Nov 2022
THORNHILL PARK VIC 3335,"$530,000 ",Sold by private treaty 24 Nov 2022
TOONGABBIE VIC 3856,"$800,000 ",Sold by private treaty 24 Nov 2022
TRENTHAM VIC 3458,"$2,200,000 ",Sold by private treaty 24 Nov 2022
TRUGANINA VIC 3029,"$360,000 ",Sold by private treaty 24 Nov 2022
VERMONT SOUTH VIC 3133,"$1,490,000 ",Sold by private treaty 24 Nov 2022
WANDONG VIC 3758,"$1,020,000 ",Sold by private treaty 24 Nov 2022
WARRACKNABEAL VIC 3393,"$140,000 ",Sold at auction 24 Nov 2022
WERRIBEE VIC 3030,"$570,000 ",Sold by private treaty 24 Nov 2022
WHITTLESEA VIC 3757,"$805,000 ",Sold by private treaty 24 Nov 2022
WODONGA VIC 3690,"$820,000 ",Sold by private treaty 24 Nov 2022
WOODEND VIC 3442,"$860,000 ",Sold by private treaty 24 Nov 2022
WYNDHAM VALE VIC 3024,"$685,000 ",Sold by private treaty 24 Nov 2022
WYNDHAM VALE VIC 3024,"$502,000 ",Sold by private treaty 24 Nov 2022
YARRAGON VIC 3823,"$915,000 ",Sold by private treaty 24 Nov 2022
AIREYS INLET VIC 3231,"$1,725,000 ",Sold by private treaty 23 Nov 2022
AIRPORT WEST VIC 3042,"$880,000 ",Sold by private treaty 23 Nov 2022
ALTONA VIC 3018,"$705,000 ",Sold by private treaty 23 Nov 2022
ALTONA VIC 3018,"$1,360,000 ",Sold by private treaty 23 Nov 2022
BALLARAT NORTH VIC 3350,"$555,000 ",Sold by private treaty 23 Nov 2022
BANDIANA VIC 3691,"$599,000 ",Sold by private treaty 23 Nov 2022
BANNOCKBURN VIC 3331,"$1,515,000 ",Sold by private treaty 23 Nov 2022
BELMONT VIC 3216,"$700,000 ",Sold by private treaty 23 Nov 2022
BENALLA VIC 3672,"$372,000 ",Sold by private treaty 23 Nov 2022
BENDIGO VIC 3550,"$1,200,000 ",Sold by private treaty 23 Nov 2022
BENTLEIGH EAST VIC 3165,"$841,100 ",Sold at auction 23 Nov 2022
BERWICK VIC 3806,"$850,000 ",Sold by private treaty 23 Nov 2022
BOLINDA VIC 3432,"$1,400,000 ",Sold by private treaty 23 Nov 2022
BONNIE DOON VIC 3720,"$620,000 ",Sold by private treaty 23 Nov 2022
BOX HILL VIC 3128,"$488,800 ",Sold by private treaty 23 Nov 2022
BROOKFIELD VIC 3338,"$610,000 ",Sold by private treaty 23 Nov 2022
BROOKFIELD VIC 3338,"$540,000 ",Sold by private treaty 23 Nov 2022
BRUNSWICK VIC 3056,"$1,350,000 ",Sold prior to auction 23 Nov 2022
BRUNSWICK WEST VIC 3055,"$800,000 ",Sold prior to auction 23 Nov 2022
BULLEEN VIC 3105,"$1,280,000 ",Sold by private treaty 23 Nov 2022
CAIRNLEA VIC 3023,"$335,000 ",Sold by private treaty 23 Nov 2022
CALIFORNIA GULLY VIC 3556,"$260,000 ",Sold by private treaty 23 Nov 2022
CHESNEY VALE VIC 3725,"$605,000 ",Sold by private treaty 23 Nov 2022
CHIRNSIDE PARK VIC 3116,"$2,350,000 ",Sold by private treaty 23 Nov 2022
CLAYTON VIC 3168,"$351,500 ",Sold by private treaty 23 Nov 2022
CLYDE VIC 3978,"$763,000 ",Sold by private treaty 23 Nov 2022
CRAIGIEBURN VIC 3064,"$480,000 ",Sold by private treaty 23 Nov 2022
CRAIGIEBURN VIC 3064,"$650,000 ",Sold by private treaty 23 Nov 2022
CRANBOURNE NORTH VIC 3977,"$753,000 ",Sold by private treaty 23 Nov 2022
CRANBOURNE NORTH VIC 3977,"$622,000 ",Sold by private treaty 23 Nov 2022
CROYDON VIC 3136,"$959,000 ",Sold by private treaty 23 Nov 2022
CROYDON VIC 3136,"$1,850,000 ",Sold by private treaty 23 Nov 2022
DANDENONG VIC 3175,"$550,000 ",Sold prior to auction 23 Nov 2022
DANDENONG VIC 3175,"$275,000 ",Sold by private treaty 23 Nov 2022
DEER PARK VIC 3023,"$450,000 ",Sold by private treaty 23 Nov 2022
DELACOMBE VIC 3356,"$815,000 ",Sold by private treaty 23 Nov 2022
DOCKLANDS VIC 3008,"$380,000 ",Sold by private treaty 23 Nov 2022
DONCASTER EAST VIC 3109,"$1,650,000 ",Sold by private treaty 23 Nov 2022
DONVALE VIC 3111,"$1,740,000 ",Sold by private treaty 23 Nov 2022
DOREEN VIC 3754,"$710,000 ",Sold by private treaty 23 Nov 2022
DROUIN VIC 3818,"$620,000 ",Sold by private treaty 23 Nov 2022
ECHUCA VIC 3564,"$600,000 ",Sold by private treaty 23 Nov 2022
ENDEAVOUR HILLS VIC 3802,"$800,000 ",Sold by private treaty 23 Nov 2022
FAIRFIELD VIC 3078,"$410,000 ",Sold by private treaty 23 Nov 2022
FOREST HILL VIC 3131,"$1,150,000 ",Sold by private treaty 23 Nov 2022
GEELONG WEST VIC 3218,"$1,025,000 ",Sold by private treaty 23 Nov 2022
GLEN IRIS VIC 3146,"$1,505,000 ",Sold by private treaty 23 Nov 2022
GLENROY VIC 3046,"$440,000 ",Sold by private treaty 23 Nov 2022
GOROKE VIC 3412,"$250,000 ",Sold by private treaty 23 Nov 2022
HAMLYN HEIGHTS VIC 3215,"$680,000 ",Sold at auction 23 Nov 2022
HAMPTON PARK VIC 3976,"$632,500 ",Sold by private treaty 23 Nov 2022
HASTINGS VIC 3915,"$650,000 ",Sold by private treaty 23 Nov 2022
HAWTHORN EAST VIC 3123,"$400,000 ",Sold by private treaty 23 Nov 2022
HUNTLY VIC 3551,"$382,500 ",Sold by private treaty 23 Nov 2022
INVERLOCH VIC 3996,"$735,000 ",Sold by private treaty 23 Nov 2022
JUNORTOUN VIC 3551,"$916,000 ",Sold by private treaty 23 Nov 2022
KEILOR VIC 3036,"$773,000 ",Sold at auction 23 Nov 2022
KENSINGTON VIC 3031,"$299,950 ",Sold by private treaty 23 Nov 2022
KEYSBOROUGH VIC 3173,"$620,000 ",Sold by private treaty 23 Nov 2022
KIALLA VIC 3631,"$750,000 ",Sold by private treaty 23 Nov 2022
KILSYTH VIC 3137,"$745,000 ",Sold by private treaty 23 Nov 2022
KOO WEE RUP VIC 3981,"$630,000 ",Sold by private treaty 23 Nov 2022
KORUMBURRA VIC 3950,"$590,000 ",Sold by private treaty 23 Nov 2022
LAKES ENTRANCE VIC 3909,"$230,000 ",Sold by private treaty 23 Nov 2022
LANGWARRIN VIC 3910,"$1,250,000 ",Sold by private treaty 23 Nov 2022
LANGWARRIN VIC 3910,"$1,440,000 ",Sold by private treaty 23 Nov 2022
LEONGATHA VIC 3953,"$545,000 ",Sold by private treaty 23 Nov 2022
LONG GULLY VIC 3550,"$350,000 ",Sold by private treaty 23 Nov 2022
LYNBROOK VIC 3975,"$710,000 ",Sold by private treaty 23 Nov 2022
MANOR LAKES VIC 3024,"$663,000 ",Sold by private treaty 23 Nov 2022
MCKENZIE HILL VIC 3451,"$950,000 ",Sold by private treaty 23 Nov 2022
MELBOURNE VIC 3000,"$357,000 ",Sold by private treaty 23 Nov 2022
MELBOURNE VIC 3000,"$630,000 ",Sold by private treaty 23 Nov 2022
MENTONE VIC 3194,"$1,115,000 ",Sold prior to auction 23 Nov 2022
MERNDA VIC 3754,"$850,000 ",Sold by private treaty 23 Nov 2022
MICKLEHAM VIC 3064,"$290,000 ",Sold by private treaty 23 Nov 2022
MILDURA VIC 3500,"$420,000 ",Sold by private treaty 23 Nov 2022
MILDURA VIC 3500,"$555,000 ",Sold by private treaty 23 Nov 2022
MILDURA VIC 3500,"$505,000 ",Sold by private treaty 23 Nov 2022
MILDURA VIC 3500,"$250,000 ",Sold by private treaty 23 Nov 2022
MILDURA VIC 3500,"$330,500 ",Sold by private treaty 23 Nov 2022
MILDURA VIC 3500,"$352,000 ",Sold by private treaty 23 Nov 2022
MORNINGTON VIC 3931,"$760,000 ",Sold by private treaty 23 Nov 2022
MORWELL VIC 3840,"$220,000 ",Sold by private treaty 23 Nov 2022
MOUNT ELIZA VIC 3930,"$3,600,000 ",Sold by private treaty 23 Nov 2022
MOUNT MARTHA VIC 3934,"$2,250,000 ",Sold by private treaty 23 Nov 2022
MOUNT MARTHA VIC 3934,"$1,777,500 ",Sold by private treaty 23 Nov 2022
MOUNT MARTHA VIC 3934,"$600,000 ",Sold by private treaty 23 Nov 2022
MOUNT PLEASANT VIC 3350,"$585,000 ",Sold by private treaty 23 Nov 2022
MURRUMBEENA VIC 3163,"$791,000 ",Sold at auction 23 Nov 2022
NARRE WARREN NORTH VIC 3804,"$1,700,000 ",Sold by private treaty 23 Nov 2022
NARRE WARREN SOUTH VIC 3805,"$822,000 ",Sold by private treaty 23 Nov 2022
NEWBOROUGH VIC 3825,"$375,000 ",Sold by private treaty 23 Nov 2022
NEWPORT VIC 3015,"$785,000 ",Sold prior to auction 23 Nov 2022
NOBLE PARK VIC 3174,"$389,000 ",Sold by private treaty 23 Nov 2022
NORTH MELBOURNE VIC 3051,"$575,000 ",Sold by private treaty 23 Nov 2022
NORTHCOTE VIC 3070,"$955,000 ",Sold at auction 23 Nov 2022
NOTTING HILL VIC 3168,"$278,000 ",Sold by private treaty 23 Nov 2022
OCEAN GROVE VIC 3226,"$1,265,000 ",Sold by private treaty 23 Nov 2022
PAKENHAM VIC 3810,"$665,000 ",Sold by private treaty 23 Nov 2022
PAKENHAM VIC 3810,"$795,000 ",Sold by private treaty 23 Nov 2022
PAKENHAM VIC 3810,"$432,500 ",Sold by private treaty 23 Nov 2022
PAKENHAM VIC 3810,"$475,000 ",Sold by private treaty 23 Nov 2022
PATTERSON LAKES VIC 3197,"$1,280,000 ",Sold by private treaty 23 Nov 2022
POINT COOK VIC 3030,"$641,000 ",Sold by private treaty 23 Nov 2022
RED CLIFFS VIC 3496,"$330,000 ",Sold by private treaty 23 Nov 2022
RINGWOOD VIC 3134,"$559,000 ",Sold by private treaty 23 Nov 2022
ROCKBANK VIC 3335,"$640,000 ",Sold by private treaty 23 Nov 2022
ROCKBANK VIC 3335,"$610,000 ",Sold by private treaty 23 Nov 2022
ROSEDALE VIC 3847,"$540,000 ",Sold by private treaty 23 Nov 2022
SAFETY BEACH VIC 3936,"$470,000 ",Sold by private treaty 23 Nov 2022
SEAFORD VIC 3198,"$1,060,000 ",Sold by private treaty 23 Nov 2022
SEBASTOPOL VIC 3356,"$370,000 ",Sold by private treaty 23 Nov 2022
SEBASTOPOL VIC 3356,"$580,000 ",Sold by private treaty 23 Nov 2022
SEDGWICK VIC 3551,"$510,000 ",Sold by private treaty 23 Nov 2022
SHEPPARTON VIC 3630,"$376,107 ",Sold by private treaty 23 Nov 2022
SOUTHBANK VIC 3006,"$600,000 ",Sold by private treaty 23 Nov 2022
SOUTHBANK VIC 3006,"$441,000 ",Sold by private treaty 23 Nov 2022
STANLEY VIC 3747,"$940,000 ",Sold by private treaty 23 Nov 2022
SUNBURY VIC 3429,"$740,000 ",Sold by private treaty 23 Nov 2022
SUNBURY VIC 3429,"$670,000 ",Sold by private treaty 23 Nov 2022
SUNBURY VIC 3429,"$1,100,000 ",Sold by private treaty 23 Nov 2022
SUNBURY VIC 3429,"$602,000 ",Sold by private treaty 23 Nov 2022
SUNSHINE NORTH VIC 3020,"$785,000 ",Sold prior to auction 23 Nov 2022
SUNSHINE WEST VIC 3020,"$705,000 ",Sold by private treaty 23 Nov 2022
SUNSHINE WEST VIC 3020,"$755,000 ",Sold prior to auction 23 Nov 2022
TARNEIT VIC 3029,"$945,000 ",Sold by private treaty 23 Nov 2022
TAYLORS LAKES VIC 3038,"$855,000 ",Sold by private treaty 23 Nov 2022
TRARALGON VIC 3844,"$995,000 ",Sold by private treaty 23 Nov 2022
TRUGANINA VIC 3029,"$740,000 ",Sold by private treaty 23 Nov 2022
WANGARATTA VIC 3677,"$520,000 ",Sold by private treaty 23 Nov 2022
WARRAGUL VIC 3820,"$435,000 ",Sold by private treaty 23 Nov 2022
WARRANDYTE VIC 3113,"$1,700,000 ",Sold by private treaty 23 Nov 2022
WENDOUREE VIC 3355,"$510,000 ",Sold by private treaty 23 Nov 2022
WERRIBEE VIC 3030,"$470,000 ",Sold by private treaty 23 Nov 2022
WEST FOOTSCRAY VIC 3012,"$687,000 ",Sold prior to auction 23 Nov 2022
WILLIAMS LANDING VIC 3027,"$627,500 ",Sold by private treaty 23 Nov 2022
WILLIAMSTOWN VIC 3016,"$2,930,000 ",Sold at auction 23 Nov 2022
WOLLERT VIC 3750,"$795,000 ",Sold by private treaty 23 Nov 2022
WONTHAGGI VIC 3995,"$480,000 ",Sold by private treaty 23 Nov 2022
YARRAVILLE VIC 3013,"$1,015,000 ",Sold at auction 23 Nov 2022
AIRPORT WEST VIC 3042,"$1,015,000 ",Sold by private treaty 22 Nov 2022
AIRPORT WEST VIC 3042,"$708,000 ",Sold at auction 22 Nov 2022
ALTONA VIC 3018,"$1,570,000 ",Sold by private treaty 22 Nov 2022
ASCOT VIC 3551,"$800,000 ",Sold by private treaty 22 Nov 2022
AVONDALE HEIGHTS VIC 3034,"$870,000 ",Sold at auction 22 Nov 2022
BAIRNSDALE VIC 3875,"$415,000 ",Sold by private treaty 22 Nov 2022
BANNOCKBURN VIC 3331,"$740,000 ",Sold by private treaty 22 Nov 2022
BANNOCKBURN VIC 3331,"$870,000 ",Sold by private treaty 22 Nov 2022
BARANDUDA VIC 3691,"$1,200,000 ",Sold by private treaty 22 Nov 2022
BEACONSFIELD VIC 3807,"$1,800,000 ",Sold by private treaty 22 Nov 2022
BERWICK VIC 3806,"$1,835,000 ",Sold by private treaty 22 Nov 2022
BERWICK VIC 3806,"$680,000 ",Sold by private treaty 22 Nov 2022
BERWICK VIC 3806,"$887,000 ",Sold by private treaty 22 Nov 2022
BEVERIDGE VIC 3753,"$710,000 ",Sold by private treaty 22 Nov 2022
BUNINYONG VIC 3357,"$503,000 ",Sold by private treaty 22 Nov 2022
CANADIAN VIC 3350,"$415,000 ",Sold by private treaty 22 Nov 2022
CASTLEMAINE VIC 3450,"$624,080 ",Sold by private treaty 22 Nov 2022
CHURCHILL VIC 3842,"$429,500 ",Sold by private treaty 22 Nov 2022
CHURCHILL VIC 3842,"$360,000 ",Sold by private treaty 22 Nov 2022
CLAYTON VIC 3168,"$643,000 ",Sold by private treaty 22 Nov 2022
CLYDE NORTH VIC 3978,"$350,000 ",Sold by private treaty 22 Nov 2022
CLYDE NORTH VIC 3978,"$750,000 ",Sold by private treaty 22 Nov 2022
CLYDE NORTH VIC 3978,"$750,000 ",Sold by private treaty 22 Nov 2022
COBRAM VIC 3644,"$470,000 ",Sold by private treaty 22 Nov 2022
CRAIGIEBURN VIC 3064,"$462,500 ",Sold prior to auction 22 Nov 2022
CRAIGIEBURN VIC 3064,"$548,000 ",Sold by private treaty 22 Nov 2022
CROYDON VIC 3136,"$710,000 ",Sold by private treaty 22 Nov 2022
DANDENONG VIC 3175,"$270,000 ",Sold by private treaty 22 Nov 2022
DANDENONG VIC 3175,"$730,000 ",Sold by private treaty 22 Nov 2022
DARLEY VIC 3340,"$547,000 ",Sold by private treaty 22 Nov 2022
DELACOMBE VIC 3356,"$400,000 ",Sold by private treaty 22 Nov 2022
DELACOMBE VIC 3356,"$680,000 ",Sold by private treaty 22 Nov 2022
DIGGERS REST VIC 3427,"$630,000 ",Sold prior to auction 22 Nov 2022
DONCASTER VIC 3108,"$1,055,000 ",Sold by private treaty 22 Nov 2022
ELTHAM VIC 3095,"$1,090,000 ",Sold by private treaty 22 Nov 2022
ELWOOD VIC 3184,"$408,000 ",Sold by private treaty 22 Nov 2022
ENDEAVOUR HILLS VIC 3802,"$810,000 ",Sold by private treaty 22 Nov 2022
FOOTSCRAY VIC 3011,"$600,000 ",Sold by private treaty 22 Nov 2022
FRANKSTON VIC 3199,"$707,500 ",Sold by private treaty 22 Nov 2022
GLADSTONE PARK VIC 3043,"$675,000 ",Sold at auction 22 Nov 2022
GREENVALE VIC 3059,"$485,000 ",Sold at auction 22 Nov 2022
HAMILTON VIC 3300,"$460,000 ",Sold by private treaty 22 Nov 2022
HAMPTON PARK VIC 3976,"$560,000 ",Sold by private treaty 22 Nov 2022
HARKNESS VIC 3337,"$525,000 ",Sold by private treaty 22 Nov 2022
HEATHCOTE VIC 3523,"$750,000 ",Sold by private treaty 22 Nov 2022
HERNE HILL VIC 3218,"$674,000 ",Sold by private treaty 22 Nov 2022
HIGHTON VIC 3216,"$1,100,000 ",Sold at auction 22 Nov 2022
INVERLEIGH VIC 3321,"$519,000 ",Sold by private treaty 22 Nov 2022
INVERLOCH VIC 3996,"$685,000 ",Sold by private treaty 22 Nov 2022
KATAMATITE VIC 3649,"$735,000 ",Sold by private treaty 22 Nov 2022
KINGS PARK VIC 3021,"$650,000 ",Sold by private treaty 22 Nov 2022
LANGWARRIN VIC 3910,"$520,000 ",Sold by private treaty 22 Nov 2022
LARA VIC 3212,"$1,200,000 ",Sold by private treaty 22 Nov 2022
LEARMONTH VIC 3352,"$647,500 ",Sold by private treaty 22 Nov 2022
LILYDALE VIC 3140,"$915,000 ",Sold prior to auction 22 Nov 2022
LUCAS VIC 3350,"$612,000 ",Sold by private treaty 22 Nov 2022
LYNDHURST VIC 3975,"$770,000 ",Sold by private treaty 22 Nov 2022
MAIDEN GULLY VIC 3551,"$493,750 ",Sold by private treaty 22 Nov 2022
MANOR LAKES VIC 3024,"$585,000 ",Sold by private treaty 22 Nov 2022
MARYBOROUGH VIC 3465,"$490,000 ",Sold by private treaty 22 Nov 2022
MELBOURNE VIC 3000,"$298,000 ",Sold by private treaty 22 Nov 2022
MENTONE VIC 3194,"$747,000 ",Sold by private treaty 22 Nov 2022
MINERS REST VIC 3352,"$580,000 ",Sold by private treaty 22 Nov 2022
MOONEE PONDS VIC 3039,"$1,320,000 ",Sold by private treaty 22 Nov 2022
MOORABBIN VIC 3189,"$1,150,000 ",Sold by private treaty 22 Nov 2022
MOOROOLBARK VIC 3138,"$862,000 ",Sold by private treaty 22 Nov 2022
MORWELL VIC 3840,"$357,500 ",Sold by private treaty 22 Nov 2022
MORWELL VIC 3840,"$490,000 ",Sold by private treaty 22 Nov 2022
NARRE WARREN VIC 3805,"$1,440,000 ",Sold by private treaty 22 Nov 2022
NEW GISBORNE VIC 3438,"$480,000 ",Sold by private treaty 22 Nov 2022
NEWPORT VIC 3015,"$1,175,000 ",Sold by private treaty 22 Nov 2022
NEWTOWN VIC 3220,"$1,200,000 ",Sold by private treaty 22 Nov 2022
NOBLE PARK VIC 3174,"$570,000 ",Sold by private treaty 22 Nov 2022
NORTH MELBOURNE VIC 3051,"$700,000 ",Sold by private treaty 22 Nov 2022
NORTHCOTE VIC 3070,"$502,500 ",Sold by private treaty 22 Nov 2022
NYAH WEST VIC 3595,"$650,000 ",Sold by private treaty 22 Nov 2022
PAKENHAM VIC 3810,"$478,000 ",Sold by private treaty 22 Nov 2022
PAKENHAM VIC 3810,"$790,000 ",Sold by private treaty 22 Nov 2022
PAKENHAM VIC 3810,"$695,000 ",Sold by private treaty 22 Nov 2022
PAKENHAM VIC 3810,"$650,000 ",Sold by private treaty 22 Nov 2022
PAKENHAM VIC 3810,"$800,000 ",Sold by private treaty 22 Nov 2022
PAKENHAM VIC 3810,"$665,000 ",Sold by private treaty 22 Nov 2022
PASCOE VALE VIC 3044,"$862,532 ",Sold prior to auction 22 Nov 2022
PASCOE VALE VIC 3044,"$1,285,000 ",Sold at auction 22 Nov 2022
PORT MELBOURNE VIC 3207,"$1,550,000 ",Sold prior to auction 22 Nov 2022
PORTLAND VIC 3305,"$440,000 ",Sold by private treaty 22 Nov 2022
RYE VIC 3941,"$800,000 ",Sold by private treaty 22 Nov 2022
SAN REMO VIC 3925,"$750,000 ",Sold by private treaty 22 Nov 2022
SANCTUARY LAKES VIC 3030,"$1,535,000 ",Sold by private treaty 22 Nov 2022
SEAFORD VIC 3198,"$880,000 ",Sold prior to auction 22 Nov 2022
SEAFORD VIC 3198,"$520,000 ",Sold by private treaty 22 Nov 2022
SEBASTOPOL VIC 3356,"$470,000 ",Sold by private treaty 22 Nov 2022
SHEPPARTON VIC 3630,"$346,000 ",Sold by private treaty 22 Nov 2022
SHEPPARTON VIC 3630,"$420,000 ",Sold by private treaty 22 Nov 2022
SILVERLEAVES VIC 3922,"$1,100,250 ",Sold by private treaty 22 Nov 2022
SNAKE VALLEY VIC 3351,"$290,000 ",Sold by private treaty 22 Nov 2022
SOUTH MELBOURNE VIC 3205,"$350,000 ",Sold by private treaty 22 Nov 2022
SOUTHBANK VIC 3006,"$420,000 ",Sold by private treaty 22 Nov 2022
ST ALBANS PARK VIC 3219,"$660,000 ",Sold by private treaty 22 Nov 2022
ST LEONARDS VIC 3223,"$750,000 ",Sold by private treaty 22 Nov 2022
STAWELL VIC 3380,"$322,000 ",Sold by private treaty 22 Nov 2022
SUNBURY VIC 3429,"$1,020,000 ",Sold by private treaty 22 Nov 2022
SUNBURY VIC 3429,"$950,000 ",Sold by private treaty 22 Nov 2022
SUNBURY VIC 3429,"$730,000 ",Sold by private treaty 22 Nov 2022
SUNBURY VIC 3429,"$475,000 ",Sold by private treaty 22 Nov 2022
SUNBURY VIC 3429,"$692,000 ",Sold by private treaty 22 Nov 2022
TARNEIT VIC 3029,"$675,000 ",Sold by private treaty 22 Nov 2022
TARNEIT VIC 3029,"$680,000 ",Sold by private treaty 22 Nov 2022
TARNEIT VIC 3029,"$580,000 ",Sold by private treaty 22 Nov 2022
TAYLORS LAKES VIC 3038,"$890,000 ",Sold by private treaty 22 Nov 2022
THOMASTOWN VIC 3074,"$575,000 ",Sold prior to auction 22 Nov 2022
THOMASTOWN VIC 3074,"$577,000 ",Sold by private treaty 22 Nov 2022
THOMASTOWN VIC 3074,"$630,000 ",Sold by private treaty 22 Nov 2022
TOOTGAROOK VIC 3941,"$1,150,000 ",Sold by private treaty 22 Nov 2022
TRAFALGAR SOUTH VIC 3824,"$1,200,000 ",Sold by private treaty 22 Nov 2022
TRARALGON VIC 3844,"$345,000 ",Sold by private treaty 22 Nov 2022
TRARALGON VIC 3844,"$375,000 ",Sold by private treaty 22 Nov 2022
TRUGANINA VIC 3029,"$635,000 ",Sold by private treaty 22 Nov 2022
WARRNAMBOOL VIC 3280,"$435,000 ",Sold by private treaty 22 Nov 2022
WERRIBEE VIC 3030,"$480,000 ",Sold at auction 22 Nov 2022
WERRIBEE VIC 3030,"$625,000 ",Sold by private treaty 22 Nov 2022
WILLIAMSTOWN VIC 3016,"$1,450,000 ",Sold at auction 22 Nov 2022
WODONGA VIC 3690,"$460,000 ",Sold by private treaty 22 Nov 2022
WONTHAGGI VIC 3995,"$440,000 ",Sold by private treaty 22 Nov 2022
WYNDHAM VALE VIC 3024,"$685,000 ",Sold by private treaty 22 Nov 2022
ARARAT VIC 3377,"$177,000 ",Sold by private treaty 21 Nov 2022
ARARAT VIC 3377,"$370,000 ",Sold by private treaty 21 Nov 2022
BANNOCKBURN VIC 3331,"$540,000 ",Sold by private treaty 21 Nov 2022
BENDIGO VIC 3550,"$556,000 ",Sold by private treaty 21 Nov 2022
BERWICK VIC 3806,"$800,000 ",Sold by private treaty 21 Nov 2022
BEVERIDGE VIC 3753,"$420,000 ",Sold by private treaty 21 Nov 2022
BRUNSWICK WEST VIC 3055,"$675,000 ",Sold by private treaty 21 Nov 2022
BUNDOORA VIC 3083,"$730,000 ",Sold by private treaty 21 Nov 2022
CAIRNLEA VIC 3023,"$1,040,000 ",Sold at auction 21 Nov 2022
CANADIAN VIC 3350,"$388,000 ",Sold by private treaty 21 Nov 2022
CARDIGAN VIC 3352,"$600,000 ",Sold by private treaty 21 Nov 2022
CARLTON VIC 3053,"$850,000 ",Sold by private treaty 21 Nov 2022
CAROLINE SPRINGS VIC 3023,"$545,000 ",Sold by private treaty 21 Nov 2022
CHADSTONE VIC 3148,"$1,650,000 ",Sold at auction 21 Nov 2022
CLAYTON VIC 3168,"$1,220,000 ",Sold prior to auction 21 Nov 2022
CLYDE NORTH VIC 3978,"$838,500 ",Sold by private treaty 21 Nov 2022
COBRAM VIC 3644,"$430,000 ",Sold by private treaty 21 Nov 2022
COLLINGWOOD VIC 3066,"$603,000 ",Sold by private treaty 21 Nov 2022
CORIO VIC 3214,"$505,000 ",Sold at auction 21 Nov 2022
COWES VIC 3922,"$725,000 ",Sold by private treaty 21 Nov 2022
CRAIGIEBURN VIC 3064,"$748,000 ",Sold by private treaty 21 Nov 2022
CRAIGIEBURN VIC 3064,"$417,500 ",Sold by private treaty 21 Nov 2022
CRAIGIEBURN VIC 3064,"$500,000 ",Sold at auction 21 Nov 2022
CRANBOURNE VIC 3977,"$595,000 ",Sold by private treaty 21 Nov 2022
CRANBOURNE NORTH VIC 3977,"$627,500 ",Sold by private treaty 21 Nov 2022
DANDENONG NORTH VIC 3175,"$895,000 ",Sold by private treaty 21 Nov 2022
DARLEY VIC 3340,"$366,250 ",Sold by private treaty 21 Nov 2022
DEER PARK VIC 3023,"$660,000 ",Sold at auction 21 Nov 2022
DELAHEY VIC 3037,"$787,000 ",Sold prior to auction 21 Nov 2022
DERRIMUT VIC 3026,"$874,000 ",Sold by private treaty 21 Nov 2022
DONNYBROOK VIC 3064,"$685,000 ",Sold by private treaty 21 Nov 2022
DONVALE VIC 3111,"$1,058,000 ",Sold prior to auction 21 Nov 2022
DOREEN VIC 3754,"$595,000 ",Sold by private treaty 21 Nov 2022
DOREEN VIC 3754,"$545,000 ",Sold by private treaty 21 Nov 2022
DOVETON VIC 3177,"$500,000 ",Sold by private treaty 21 Nov 2022
ECHUCA VIC 3564,"$1,475,000 ",Sold at auction 21 Nov 2022
EDITHVALE VIC 3196,"$1,255,000 ",Sold by private treaty 21 Nov 2022
EPPING VIC 3076,"$680,000 ",Sold by private treaty 21 Nov 2022
EPPING VIC 3076,"$665,000 ",Sold at auction 21 Nov 2022
ESSENDON VIC 3040,"$2,035,000 ",Sold by private treaty 21 Nov 2022
FAWKNER VIC 3060,"$906,000 ",Sold at auction 21 Nov 2022
FRANKSTON VIC 3199,"$620,000 ",Sold by private treaty 21 Nov 2022
GLEN WAVERLEY VIC 3150,"$1,318,000 ",Sold at auction 21 Nov 2022
GLENROY VIC 3046,"$612,500 ",Sold by private treaty 21 Nov 2022
GOLDEN POINT VIC 3350,"$470,000 ",Sold by private treaty 21 Nov 2022
HASTINGS VIC 3915,"$370,000 ",Sold by private treaty 21 Nov 2022
HASTINGS VIC 3915,"$625,000 ",Sold by private treaty 21 Nov 2022
HEATHCOTE VIC 3523,"$420,000 ",Sold by private treaty 21 Nov 2022
HEATHMONT VIC 3135,"$1,852,000 ",Sold by private treaty 21 Nov 2022
HEIDELBERG HEIGHTS VIC 3081,"$825,000 ",Sold by private treaty 21 Nov 2022
HORSHAM VIC 3400,"$775,000 ",Sold by private treaty 21 Nov 2022
HUNTLY VIC 3551,"$733,000 ",Sold by private treaty 21 Nov 2022
KENNINGTON VIC 3550,"$575,000 ",Sold by private treaty 21 Nov 2022
KILMORE VIC 3764,"$520,000 ",Sold by private treaty 21 Nov 2022
KILSYTH VIC 3137,"$831,500 ",Sold by private treaty 21 Nov 2022
KYNETON VIC 3444,"$1,085,000 ",Sold by private treaty 21 Nov 2022
LANGWARRIN VIC 3910,"$750,000 ",Sold by private treaty 21 Nov 2022
LARA VIC 3212,"$375,000 ",Sold by private treaty 21 Nov 2022
LONGLEA VIC 3551,"$1,550,000 ",Sold by private treaty 21 Nov 2022
LUCAS VIC 3350,"$590,000 ",Sold by private treaty 21 Nov 2022
LYNBROOK VIC 3975,"$890,000 ",Sold by private treaty 21 Nov 2022
MADDINGLEY VIC 3340,"$755,000 ",Sold by private treaty 21 Nov 2022
MAFFRA VIC 3860,"$310,000 ",Sold by private treaty 21 Nov 2022
MAIDEN GULLY VIC 3551,"$730,000 ",Sold by private treaty 21 Nov 2022
MARIBYRNONG VIC 3032,"$336,000 ",Sold by private treaty 21 Nov 2022
MARSHALL VIC 3216,"$625,000 ",Sold by private treaty 21 Nov 2022
MELBOURNE VIC 3000,"$588,000 ",Sold by private treaty 21 Nov 2022
MELBOURNE VIC 3000,"$530,000 ",Sold by private treaty 21 Nov 2022
MELTON WEST VIC 3337,"$710,000 ",Sold by private treaty 21 Nov 2022
MICKLEHAM VIC 3064,"$997,000 ",Sold at auction 21 Nov 2022
MILL PARK VIC 3082,"$540,000 ",Sold at auction 21 Nov 2022
MILL PARK VIC 3082,"$646,000 ",Sold by private treaty 21 Nov 2022
MITCHAM VIC 3132,"$950,000 ",Sold by private treaty 21 Nov 2022
MOOROOLBARK VIC 3138,"$771,500 ",Sold by private treaty 21 Nov 2022
MORNINGTON VIC 3931,"$1,060,000 ",Sold by private treaty 21 Nov 2022
MYSTIC PARK VIC 3579,"$143,000 ",Sold by private treaty 21 Nov 2022
NAGAMBIE VIC 3608,"$355,000 ",Sold by private treaty 21 Nov 2022
NARRE WARREN VIC 3805,"$650,000 ",Sold by private treaty 21 Nov 2022
NEWBOROUGH VIC 3825,"$346,000 ",Sold by private treaty 21 Nov 2022
NOBLE PARK VIC 3174,"$77,000 ",Sold by private treaty 21 Nov 2022
NORLANE VIC 3214,"$585,000 ",Sold by private treaty 21 Nov 2022
NORTH BENDIGO VIC 3550,"$485,000 ",Sold by private treaty 21 Nov 2022
OFFICER VIC 3809,"$1,260,000 ",Sold by private treaty 21 Nov 2022
PAKENHAM VIC 3810,"$710,000 ",Sold by private treaty 21 Nov 2022
PAKENHAM VIC 3810,"$630,000 ",Sold by private treaty 21 Nov 2022
PAKENHAM VIC 3810,"$485,000 ",Sold by private treaty 21 Nov 2022
PAKENHAM VIC 3810,"$636,000 ",Sold by private treaty 21 Nov 2022
PAKENHAM VIC 3810,"$785,000 ",Sold by private treaty 21 Nov 2022
POINT COOK VIC 3030,"$750,000 ",Sold by private treaty 21 Nov 2022
PORTLAND VIC 3305,"$478,000 ",Sold by private treaty 21 Nov 2022
PRAHRAN VIC 3181,"$640,000 ",Sold by private treaty 21 Nov 2022
RESERVOIR VIC 3073,"$386,000 ",Sold by private treaty 21 Nov 2022
RINGWOOD EAST VIC 3135,"$740,000 ",Sold by private treaty 21 Nov 2022
RINGWOOD NORTH VIC 3134,"$985,000 ",Sold at auction 21 Nov 2022
ROMSEY VIC 3434,"$680,000 ",Sold by private treaty 21 Nov 2022
SANCTUARY LAKES VIC 3030,"$1,265,000 ",Sold by private treaty 21 Nov 2022
SEAFORD VIC 3198,"$750,000 ",Sold by private treaty 21 Nov 2022
SEAFORD VIC 3198,"$885,000 ",Sold by private treaty 21 Nov 2022
SEBASTOPOL VIC 3356,"$430,000 ",Sold by private treaty 21 Nov 2022
SEYMOUR VIC 3660,"$420,000 ",Sold by private treaty 21 Nov 2022
SHEPPARTON VIC 3630,"$540,000 ",Sold by private treaty 21 Nov 2022
SOLDIERS HILL VIC 3350,"$563,000 ",Sold by private treaty 21 Nov 2022
SOUTH YARRA VIC 3141,"$570,000 ",Sold by private treaty 21 Nov 2022
SOUTHBANK VIC 3006,"$574,000 ",Sold by private treaty 21 Nov 2022
SPRINGVALE SOUTH VIC 3172,"$740,000 ",Sold at auction 21 Nov 2022
ST KILDA VIC 3182,"$400,000 ",Sold by private treaty 21 Nov 2022
STRATHFIELDSAYE VIC 3551,"$650,000 ",Sold by private treaty 21 Nov 2022
TARNEIT VIC 3029,"$535,000 ",Sold by private treaty 21 Nov 2022
TARNEIT VIC 3029,"$280,000 ",Sold by private treaty 21 Nov 2022
TARNEIT VIC 3029,"$697,000 ",Sold by private treaty 21 Nov 2022
TARNEIT VIC 3029,"$715,000 ",Sold by private treaty 21 Nov 2022
TAYLORS LAKES VIC 3038,"$1,685,000 ",Sold prior to auction 21 Nov 2022
THE HONEYSUCKLES VIC 3851,"$485,000 ",Sold by private treaty 21 Nov 2022
TOOTGAROOK VIC 3941,"$765,000 ",Sold by private treaty 21 Nov 2022
TRARALGON VIC 3844,"$410,000 ",Sold by private treaty 21 Nov 2022
TRUGANINA VIC 3029,"$715,000 ",Sold by private treaty 21 Nov 2022
TRUGANINA VIC 3029,"$750,000 ",Sold by private treaty 21 Nov 2022
TULLAMARINE VIC 3043,"$685,000 ",Sold at auction 21 Nov 2022
TYABB VIC 3913,"$980,000 ",Sold by private treaty 21 Nov 2022
TYLDEN VIC 3444,"$795,000 ",Sold by private treaty 21 Nov 2022
WALLAN VIC 3756,"$650,000 ",Sold by private treaty 21 Nov 2022
WARNEET VIC 3980,"$719,000 ",Sold by private treaty 21 Nov 2022
WARRAGUL VIC 3820,"$1,550,000 ",Sold by private treaty 21 Nov 2022
WEDDERBURN VIC 3518,"$185,000 ",Sold by private treaty 21 Nov 2022
WERRIBEE VIC 3030,"$645,000 ",Sold by private treaty 21 Nov 2022
WERRIBEE VIC 3030,"$835,000 ",Sold by private treaty 21 Nov 2022
WERRIBEE VIC 3030,"$565,000 ",Sold by private treaty 21 Nov 2022
WHEELERS HILL VIC 3150,"$2,760,000 ",Sold by private treaty 21 Nov 2022
WHITTINGTON VIC 3219,"$465,000 ",Sold by private treaty 21 Nov 2022
WODONGA VIC 3690,"$266,000 ",Sold by private treaty 21 Nov 2022
WOLLERT VIC 3750,"$700,000 ",Sold by private treaty 21 Nov 2022
WOLLERT VIC 3750,"$486,500 ",Sold by private treaty 21 Nov 2022
WOLLERT VIC 3750,"$750,000 ",Sold at auction 21 Nov 2022
YARRAWONGA VIC 3730,"$493,000 ",Sold by private treaty 21 Nov 2022
AVONDALE HEIGHTS VIC 3034,"$842,000 ",Sold at auction 20 Nov 2022
HIDDEN VALLEY VIC 3756,"$1,400,000 ",Sold by private treaty 20 Nov 2022
MERNDA VIC 3754,"$800,000 ",Sold by private treaty 20 Nov 2022
ROWVILLE VIC 3178,"$925,000 ",Sold by private treaty 20 Nov 2022
SOUTHBANK VIC 3006,"$710,000 ",Sold by private treaty 20 Nov 2022
WANTIRNA SOUTH VIC 3152,"$1,505,000 ",Sold prior to auction 20 Nov 2022
ABBOTSFORD VIC 3067,"$1,370,000 ",Sold at auction 19 Nov 2022
AINTREE VIC 3336,"$1,195,000 ",Sold by private treaty 19 Nov 2022
AINTREE VIC 3336,"$585,000 ",Sold by private treaty 19 Nov 2022
ALBION VIC 3020,"$720,000 ",Sold at auction 19 Nov 2022
ALTONA VIC 3018,"$980,000 ",Sold at auction 19 Nov 2022
ALTONA MEADOWS VIC 3028,"$627,000 ",Sold at auction 19 Nov 2022
ALTONA NORTH VIC 3025,"$1,030,000 ",Sold at auction 19 Nov 2022
ALTONA NORTH VIC 3025,"$770,000 ",Sold at auction 19 Nov 2022
ASCOT VALE VIC 3032,"$745,000 ",Sold at auction 19 Nov 2022
ASPENDALE VIC 3195,"$928,000 ",Sold at auction 19 Nov 2022
ASPENDALE GARDENS VIC 3195,"$963,000 ",Sold at auction 19 Nov 2022
BAYSWATER VIC 3153,"$750,000 ",Sold at auction 19 Nov 2022
BEAUMARIS VIC 3193,"$1,800,000 ",Sold at auction 19 Nov 2022
BELLFIELD VIC 3081,"$781,000 ",Sold at auction 19 Nov 2022
BELMONT VIC 3216,"$850,000 ",Sold at auction 19 Nov 2022
BELMONT VIC 3216,"$1,300,000 ",Sold at auction 19 Nov 2022
BELMONT VIC 3216,"$820,000 ",Sold at auction 19 Nov 2022
BELMONT VIC 3216,"$800,000 ",Sold at auction 19 Nov 2022
BENTLEIGH VIC 3204,"$1,428,000 ",Sold at auction 19 Nov 2022
BENTLEIGH VIC 3204,"$1,760,000 ",Sold at auction 19 Nov 2022
BENTLEIGH VIC 3204,"$1,675,000 ",Sold at auction 19 Nov 2022
BENTLEIGH EAST VIC 3165,"$1,440,000 ",Sold at auction 19 Nov 2022
BENTLEIGH EAST VIC 3165,"$966,000 ",Sold at auction 19 Nov 2022
BERWICK VIC 3806,"$730,000 ",Sold by private treaty 19 Nov 2022
BLACKBURN VIC 3130,"$910,000 ",Sold at auction 19 Nov 2022
BLACKBURN VIC 3130,"$1,893,000 ",Sold at auction 19 Nov 2022
BLACKBURN VIC 3130,"$950,000 ",Sold at auction 19 Nov 2022
BLACKBURN NORTH VIC 3130,"$1,062,000 ",Sold at auction 19 Nov 2022
BLACKBURN NORTH VIC 3130,"$1,550,000 ",Sold at auction 19 Nov 2022
BLACKBURN NORTH VIC 3130,"$1,090,000 ",Sold at auction 19 Nov 2022
BLACKBURN SOUTH VIC 3130,"$710,000 ",Sold at auction 19 Nov 2022
BLACKBURN SOUTH VIC 3130,"$668,000 ",Sold at auction 19 Nov 2022
BLACKBURN SOUTH VIC 3130,"$1,226,000 ",Sold at auction 19 Nov 2022
BLACKBURN SOUTH VIC 3130,"$1,140,000 ",Sold at auction 19 Nov 2022
BLACKBURN SOUTH VIC 3130,"$1,140,000 ",Sold at auction 19 Nov 2022
BORONIA VIC 3155,"$815,000 ",Sold by private treaty 19 Nov 2022
BOX HILL VIC 3128,"$1,185,000 ",Sold at auction 19 Nov 2022
BOX HILL NORTH VIC 3129,"$1,003,000 ",Sold at auction 19 Nov 2022
BOX HILL NORTH VIC 3129,"$1,081,000 ",Sold at auction 19 Nov 2022
BOX HILL NORTH VIC 3129,"$1,190,000 ",Sold at auction 19 Nov 2022
BOX HILL NORTH VIC 3129,"$1,340,000 ",Sold at auction 19 Nov 2022
BOX HILL SOUTH VIC 3128,"$1,357,000 ",Sold at auction 19 Nov 2022
BROADMEADOWS VIC 3047,"$512,000 ",Sold at auction 19 Nov 2022
BROADMEADOWS VIC 3047,"$755,000 ",Sold at auction 19 Nov 2022
BROOKLYN VIC 3012,"$590,000 ",Sold at auction 19 Nov 2022
BRUNSWICK VIC 3056,"$1,320,000 ",Sold at auction 19 Nov 2022
BRUNSWICK VIC 3056,"$1,274,000 ",Sold at auction 19 Nov 2022
BRUNSWICK VIC 3056,"$1,770,000 ",Sold at auction 19 Nov 2022
BRUNSWICK EAST VIC 3057,"$870,000 ",Sold at auction 19 Nov 2022
BRUNSWICK EAST VIC 3057,"$995,000 ",Sold at auction 19 Nov 2022
BULLEEN VIC 3105,"$1,805,000 ",Sold at auction 19 Nov 2022
BULLEEN VIC 3105,"$1,285,000 ",Sold at auction 19 Nov 2022
BULLEEN VIC 3105,"$1,320,000 ",Sold at auction 19 Nov 2022
BUNDOORA VIC 3083,"$1,115,000 ",Sold at auction 19 Nov 2022
BURWOOD VIC 3125,"$397,000 ",Sold at auction 19 Nov 2022
BURWOOD EAST VIC 3151,"$1,080,000 ",Sold at auction 19 Nov 2022
CAMBERWELL VIC 3124,"$1,020,000 ",Sold at auction 19 Nov 2022
CAMBERWELL VIC 3124,"$1,410,000 ",Sold at auction 19 Nov 2022
CARLTON VIC 3053,"$1,220,000 ",Sold at auction 19 Nov 2022
CARLTON VIC 3053,"$183,000 ",Sold by private treaty 19 Nov 2022
CARLTON NORTH VIC 3054,"$1,650,000 ",Sold at auction 19 Nov 2022
CARNEGIE VIC 3163,"$1,530,000 ",Sold at auction 19 Nov 2022
CARNEGIE VIC 3163,"$1,505,000 ",Sold prior to auction 19 Nov 2022
CARNEGIE VIC 3163,"$995,000 ",Sold at auction 19 Nov 2022
CARNEGIE VIC 3163,"$968,000 ",Sold prior to auction 19 Nov 2022
CAULFIELD SOUTH VIC 3162,"$1,780,000 ",Sold at auction 19 Nov 2022
CHADSTONE VIC 3148,"$750,000 ",Sold at auction 19 Nov 2022
CHADSTONE VIC 3148,"$1,346,000 ",Sold at auction 19 Nov 2022
CHELTENHAM VIC 3192,"$1,140,000 ",Sold at auction 19 Nov 2022
CHELTENHAM VIC 3192,"$1,340,000 ",Sold at auction 19 Nov 2022
CHELTENHAM VIC 3192,"$1,090,000 ",Sold at auction 19 Nov 2022
CHRISTMAS HILLS VIC 3775,"$1,150,000 ",Sold at auction 19 Nov 2022
CLAYTON VIC 3168,"$1,111,000 ",Sold at auction 19 Nov 2022
CLAYTON SOUTH VIC 3169,"$780,000 ",Sold at auction 19 Nov 2022
COBURG NORTH VIC 3058,"$1,250,000 ",Sold at auction 19 Nov 2022
COBURG NORTH VIC 3058,"$600,000 ",Sold at auction 19 Nov 2022
COLLINGWOOD VIC 3066,"$805,000 ",Sold at auction 19 Nov 2022
CRAIGIEBURN VIC 3064,"$733,000 ",Sold at auction 19 Nov 2022
CRAIGIEBURN VIC 3064,"$605,000 ",Sold by private treaty 19 Nov 2022
DEEPDENE VIC 3103,"$2,821,500 ",Sold at auction 19 Nov 2022
DINGLEY VILLAGE VIC 3172,"$990,000 ",Sold at auction 19 Nov 2022
DONCASTER VIC 3108,"$1,460,000 ",Sold at auction 19 Nov 2022
DONCASTER VIC 3108,"$1,401,500 ",Sold at auction 19 Nov 2022
DONCASTER EAST VIC 3109,"$1,385,000 ",Sold at auction 19 Nov 2022
DONCASTER EAST VIC 3109,"$1,385,000 ",Sold at auction 19 Nov 2022
DONCASTER EAST VIC 3109,"$1,635,000 ",Sold at auction 19 Nov 2022
DONCASTER EAST VIC 3109,"$1,470,000 ",Sold at auction 19 Nov 2022
DONVALE VIC 3111,"$726,000 ",Sold at auction 19 Nov 2022
DONVALE VIC 3111,"$1,250,000 ",Sold at auction 19 Nov 2022
DOREEN VIC 3754,"$665,000 ",Sold at auction 19 Nov 2022
DROMANA VIC 3936,"$910,000 ",Sold at auction 19 Nov 2022
DROMANA VIC 3936,"$780,000 ",Sold by private treaty 19 Nov 2022
EDITHVALE VIC 3196,"$980,000 ",Sold at auction 19 Nov 2022
ELTHAM VIC 3095,"$651,000 ",Sold at auction 19 Nov 2022
ELWOOD VIC 3184,"$1,350,000 ",Sold at auction 19 Nov 2022
ELWOOD VIC 3184,"$895,000 ",Sold at auction 19 Nov 2022
EPPING VIC 3076,"$950,000 ",Sold at auction 19 Nov 2022
EPPING VIC 3076,"$730,000 ",Sold at auction 19 Nov 2022
ESSENDON VIC 3040,"$2,550,000 ",Sold by private treaty 19 Nov 2022
ESSENDON VIC 3040,"$1,000,000 ",Sold by private treaty 19 Nov 2022
ESSENDON VIC 3040,"$2,560,000 ",Sold at auction 19 Nov 2022
FERNTREE GULLY VIC 3156,"$915,000 ",Sold at auction 19 Nov 2022
FERNTREE GULLY VIC 3156,"$1,090,000 ",Sold at auction 19 Nov 2022
FITZROY NORTH VIC 3068,"$3,690,000 ",Sold at auction 19 Nov 2022
FRANKSTON VIC 3199,"$650,000 ",Sold at auction 19 Nov 2022
FRANKSTON VIC 3199,"$550,000 ",Sold by private treaty 19 Nov 2022
GEELONG VIC 3220,"$1,185,000 ",Sold at auction 19 Nov 2022
GEELONG VIC 3220,"$885,000 ",Sold at auction 19 Nov 2022
GLADSTONE PARK VIC 3043,"$680,000 ",Sold by private treaty 19 Nov 2022
GLEN WAVERLEY VIC 3150,"$1,255,000 ",Sold at auction 19 Nov 2022
GLEN WAVERLEY VIC 3150,"$1,569,000 ",Sold at auction 19 Nov 2022
GLEN WAVERLEY VIC 3150,"$1,560,000 ",Sold at auction 19 Nov 2022
GLENROY VIC 3046,"$975,000 ",Sold at auction 19 Nov 2022
GLENROY VIC 3046,"$1,172,000 ",Sold at auction 19 Nov 2022
GREENSBOROUGH VIC 3088,"$950,000 ",Sold at auction 19 Nov 2022
GREENSBOROUGH VIC 3088,"$1,060,000 ",Sold at auction 19 Nov 2022
GREENVALE VIC 3059,"$1,210,000 ",Sold prior to auction 19 Nov 2022
GROVEDALE VIC 3216,"$650,000 ",Sold by private treaty 19 Nov 2022
HAMPTON VIC 3188,"$1,660,000 ",Sold at auction 19 Nov 2022
HAWTHORN EAST VIC 3123,"$1,980,000 ",Sold at auction 19 Nov 2022
HEIDELBERG HEIGHTS VIC 3081,"$875,000 ",Sold at auction 19 Nov 2022
HEIDELBERG WEST VIC 3081,"$750,000 ",Sold at auction 19 Nov 2022
HEIDELBERG WEST VIC 3081,"$765,000 ",Sold at auction 19 Nov 2022
HEIDELBERG WEST VIC 3081,"$813,000 ",Sold at auction 19 Nov 2022
HERNE HILL VIC 3218,"$1,179,000 ",Sold at auction 19 Nov 2022
HILLSIDE VIC 3037,"$575,000 ",Sold at auction 19 Nov 2022
HOPPERS CROSSING VIC 3029,"$606,000 ",Sold at auction 19 Nov 2022
IVANHOE VIC 3079,"$1,100,000 ",Sold at auction 19 Nov 2022
IVANHOE EAST VIC 3079,"$1,790,500 ",Sold at auction 19 Nov 2022
KALKALLO VIC 3064,"$865,000 ",Sold at auction 19 Nov 2022
KEILOR EAST VIC 3033,"$870,000 ",Sold at auction 19 Nov 2022
KEILOR EAST VIC 3033,"$1,280,000 ",Sold at auction 19 Nov 2022
KEILOR EAST VIC 3033,"$820,000 ",Sold by private treaty 19 Nov 2022
KENSINGTON VIC 3031,"$847,000 ",Sold at auction 19 Nov 2022
KENSINGTON VIC 3031,"$1,341,000 ",Sold at auction 19 Nov 2022
KENSINGTON VIC 3031,"$910,000 ",Sold at auction 19 Nov 2022
KEYSBOROUGH VIC 3173,"$940,000 ",Sold at auction 19 Nov 2022
KINGS PARK VIC 3021,"$672,000 ",Sold by private treaty 19 Nov 2022
KNOXFIELD VIC 3180,"$1,001,000 ",Sold at auction 19 Nov 2022
LALOR VIC 3075,"$680,000 ",Sold at auction 19 Nov 2022
LILYDALE VIC 3140,"$505,000 ",Sold by private treaty 19 Nov 2022
MAIDSTONE VIC 3012,"$778,000 ",Sold at auction 19 Nov 2022
MANOR LAKES VIC 3024,"$550,000 ",Sold at auction 19 Nov 2022
MCKINNON VIC 3204,"$1,495,000 ",Sold at auction 19 Nov 2022
MEADOW HEIGHTS VIC 3048,"$655,000 ",Sold at auction 19 Nov 2022
MELBOURNE VIC 3000,"$665,000 ",Sold at auction 19 Nov 2022
MELBOURNE VIC 3004,"$520,000 ",Sold by private treaty 19 Nov 2022
MENTONE VIC 3194,"$1,250,000 ",Sold at auction 19 Nov 2022
MENTONE VIC 3194,"$1,690,000 ",Sold at auction 19 Nov 2022
MENTONE VIC 3194,"$660,000 ",Sold at auction 19 Nov 2022
MERNDA VIC 3754,"$680,000 ",Sold at auction 19 Nov 2022
MERNDA VIC 3754,"$620,500 ",Sold at auction 19 Nov 2022
MERNDA VIC 3754,"$640,000 ",Sold at auction 19 Nov 2022
MILL PARK VIC 3082,"$712,500 ",Sold at auction 19 Nov 2022
MILL PARK VIC 3082,"$645,000 ",Sold at auction 19 Nov 2022
MILL PARK VIC 3082,"$818,000 ",Sold at auction 19 Nov 2022
MILL PARK VIC 3082,"$565,000 ",Sold at auction 19 Nov 2022
MILL PARK VIC 3082,"$845,000 ",Sold at auction 19 Nov 2022
MOE VIC 3825,"$255,000 ",Sold at auction 19 Nov 2022
MONBULK VIC 3793,"$640,000 ",Sold at auction 19 Nov 2022
MONTMORENCY VIC 3094,"$945,000 ",Sold at auction 19 Nov 2022
MORDIALLOC VIC 3195,"$445,000 ",Sold at auction 19 Nov 2022
MORNINGTON VIC 3931,"$1,182,000 ",Sold at auction 19 Nov 2022
MORNINGTON VIC 3931,"$1,102,000 ",Sold at auction 19 Nov 2022
MOUNT ELIZA VIC 3930,"$752,500 ",Sold at auction 19 Nov 2022
MOUNT WAVERLEY VIC 3149,"$1,360,000 ",Sold at auction 19 Nov 2022
MOUNT WAVERLEY VIC 3149,"$1,000,000 ",Sold at auction 19 Nov 2022
MOUNT WAVERLEY VIC 3149,"$980,000 ",Sold at auction 19 Nov 2022
MOUNT WAVERLEY VIC 3149,"$825,000 ",Sold at auction 19 Nov 2022
NEWBOROUGH VIC 3825,"$430,000 ",Sold at auction 19 Nov 2022
NEWTOWN VIC 3220,"$1,175,000 ",Sold at auction 19 Nov 2022
NEWTOWN VIC 3220,"$1,940,000 ",Sold at auction 19 Nov 2022
NOBLE PARK VIC 3174,"$600,000 ",Sold by private treaty 19 Nov 2022
NORTH MELBOURNE VIC 3051,"$1,370,000 ",Sold at auction 19 Nov 2022
NORTHCOTE VIC 3070,"$790,000 ",Sold at auction 19 Nov 2022
NORTHCOTE VIC 3070,"$690,000 ",Sold at auction 19 Nov 2022
NUNAWADING VIC 3131,"$1,060,000 ",Sold at auction 19 Nov 2022
NUNAWADING VIC 3131,"$1,273,500 ",Sold at auction 19 Nov 2022
ORMOND VIC 3204,"$556,000 ",Sold at auction 19 Nov 2022
PASCOE VALE SOUTH VIC 3044,"$724,000 ",Sold at auction 19 Nov 2022
PASCOE VALE SOUTH VIC 3044,"$1,150,000 ",Sold at auction 19 Nov 2022
PORTLAND VIC 3305,"$650,000 ",Sold by private treaty 19 Nov 2022
PRAHRAN VIC 3181,"$1,227,000 ",Sold at auction 19 Nov 2022
RESERVOIR VIC 3073,"$650,000 ",Sold at auction 19 Nov 2022
RESERVOIR VIC 3073,"$1,520,000 ",Sold at auction 19 Nov 2022
RESERVOIR VIC 3073,"$1,010,000 ",Sold at auction 19 Nov 2022
RESERVOIR VIC 3073,"$1,328,000 ",Sold at auction 19 Nov 2022
RESERVOIR VIC 3073,"$455,000 ",Sold at auction 19 Nov 2022
RESERVOIR VIC 3073,"$565,000 ",Sold by private treaty 19 Nov 2022
RINGWOOD VIC 3134,"$470,000 ",Sold at auction 19 Nov 2022
RINGWOOD EAST VIC 3135,"$797,000 ",Sold at auction 19 Nov 2022
RIPPLESIDE VIC 3215,"$960,000 ",Sold at auction 19 Nov 2022
ROXBURGH PARK VIC 3064,"$650,000 ",Sold at auction 19 Nov 2022
RYE VIC 3941,"$1,045,000 ",Sold by private treaty 19 Nov 2022
RYE VIC 3941,"$1,135,000 ",Sold at auction 19 Nov 2022
SAFETY BEACH VIC 3936,"$675,000 ",Sold by private treaty 19 Nov 2022
SANDRINGHAM VIC 3191,"$1,240,000 ",Sold at auction 19 Nov 2022
SEAFORD VIC 3198,"$745,000 ",Sold at auction 19 Nov 2022
SEDDON VIC 3011,"$1,720,000 ",Sold at auction 19 Nov 2022
SOUTH MELBOURNE VIC 3205,"$1,290,000 ",Sold by private treaty 19 Nov 2022
SOUTH MORANG VIC 3752,"$667,500 ",Sold at auction 19 Nov 2022
SOUTH MORANG VIC 3752,"$736,000 ",Sold at auction 19 Nov 2022
SOUTH MORANG VIC 3752,"$582,000 ",Sold at auction 19 Nov 2022
SPRINGVALE VIC 3171,"$676,000 ",Sold by private treaty 19 Nov 2022
SPRINGVALE VIC 3171,"$950,000 ",Sold at auction 19 Nov 2022
SUNSHINE NORTH VIC 3020,"$710,000 ",Sold at auction 19 Nov 2022
TAYLORS LAKES VIC 3038,"$760,000 ",Sold at auction 19 Nov 2022
TEMPLESTOWE VIC 3106,"$1,373,000 ",Sold at auction 19 Nov 2022
TEMPLESTOWE LOWER VIC 3107,"$1,202,000 ",Sold at auction 19 Nov 2022
TEMPLESTOWE LOWER VIC 3107,"$1,810,000 ",Sold at auction 19 Nov 2022
TEMPLESTOWE LOWER VIC 3107,"$950,000 ",Sold at auction 19 Nov 2022
TEMPLESTOWE LOWER VIC 3107,"$1,255,000 ",Sold at auction 19 Nov 2022
TEMPLESTOWE LOWER VIC 3107,"$1,375,000 ",Sold at auction 19 Nov 2022
THOMASTOWN VIC 3074,"$605,000 ",Sold at auction 19 Nov 2022
THORNBURY VIC 3071,"$1,650,000 ",Sold at auction 19 Nov 2022
THORNBURY VIC 3071,"$1,330,000 ",Sold at auction 19 Nov 2022
TULLAMARINE VIC 3043,"$685,000 ",Sold at auction 19 Nov 2022
VENUS BAY VIC 3956,"$570,000 ",Sold by private treaty 19 Nov 2022
VERMONT VIC 3133,"$1,016,000 ",Sold at auction 19 Nov 2022
VERMONT VIC 3133,"$1,097,000 ",Sold at auction 19 Nov 2022
WANTIRNA VIC 3152,"$1,188,000 ",Sold at auction 19 Nov 2022
WANTIRNA VIC 3152,"$1,160,000 ",Sold at auction 19 Nov 2022
WANTIRNA SOUTH VIC 3152,"$1,381,000 ",Sold at auction 19 Nov 2022
WANTIRNA SOUTH VIC 3152,"$1,725,000 ",Sold at auction 19 Nov 2022
WANTIRNA SOUTH VIC 3152,"$1,180,500 ",Sold at auction 19 Nov 2022
WARRANDYTE VIC 3113,"$3,401,000 ",Sold by private treaty 19 Nov 2022
WARRANWOOD VIC 3134,"$1,640,000 ",Sold by private treaty 19 Nov 2022
WATSONIA VIC 3087,"$741,000 ",Sold at auction 19 Nov 2022
WEST FOOTSCRAY VIC 3012,"$610,000 ",Sold at auction 19 Nov 2022
WESTMEADOWS VIC 3049,"$520,000 ",Sold at auction 19 Nov 2022
WESTMEADOWS VIC 3049,"$793,000 ",Sold at auction 19 Nov 2022
WHEELERS HILL VIC 3150,"$1,550,000 ",Sold at auction 19 Nov 2022
WHEELERS HILL VIC 3150,"$1,238,000 ",Sold at auction 19 Nov 2022
WHEELERS HILL VIC 3150,"$1,640,000 ",Sold at auction 19 Nov 2022
WHITTLESEA VIC 3757,"$880,000 ",Sold by private treaty 19 Nov 2022
WHITTLESEA VIC 3757,"$600,000 ",Sold by private treaty 19 Nov 2022
WILLIAMS LANDING VIC 3027,"$780,000 ",Sold at auction 19 Nov 2022
WINDSOR VIC 3181,"$1,160,000 ",Sold at auction 19 Nov 2022
WOLLERT VIC 3750,"$591,000 ",Sold by private treaty 19 Nov 2022
WOLLERT VIC 3750,"$710,000 ",Sold at auction 19 Nov 2022
WOLLERT VIC 3750,"$605,000 ",Sold at auction 19 Nov 2022
WOLLERT VIC 3750,"$840,000 ",Sold at auction 19 Nov 2022
YARRAVILLE VIC 3013,"$1,291,000 ",Sold at auction 19 Nov 2022
YARRAVILLE VIC 3013,"$770,000 ",Sold at auction 19 Nov 2022
ALTONA MEADOWS VIC 3028,"$770,000 ",Sold by private treaty 18 Nov 2022
ASCOT VALE VIC 3032,"$1,593,500 ",Sold at auction 18 Nov 2022
ASHWOOD VIC 3147,"$660,000 ",Sold by private treaty 18 Nov 2022
AVOCA VIC 3467,"$103,000 ",Sold by private treaty 18 Nov 2022
BALLAN VIC 3342,"$1,100,000 ",Sold by private treaty 18 Nov 2022
BAYSWATER NORTH VIC 3153,"$1,080,000 ",Sold at auction 18 Nov 2022
BIRCHIP VIC 3483,"$355,000 ",Sold by private treaty 18 Nov 2022
BONNIE BROOK VIC 3335,"$990,000 ",Sold by private treaty 18 Nov 2022
BONSHAW VIC 3352,"$555,000 ",Sold by private treaty 18 Nov 2022
BOOLARRA VIC 3870,"$835,000 ",Sold by private treaty 18 Nov 2022
BORONIA VIC 3155,"$753,000 ",Sold by private treaty 18 Nov 2022
BRAYBROOK VIC 3019,"$380,000 ",Sold prior to auction 18 Nov 2022
BROOKFIELD VIC 3338,"$700,000 ",Sold by private treaty 18 Nov 2022
BROWN HILL VIC 3350,"$1,158,888 ",Sold by private treaty 18 Nov 2022
BRUNSWICK VIC 3056,"$785,000 ",Sold at auction 18 Nov 2022
BRUNSWICK VIC 3056,"$1,046,000 ",Sold by private treaty 18 Nov 2022
BRUNSWICK EAST VIC 3057,"$1,600,000 ",Sold by private treaty 18 Nov 2022
BRUNSWICK EAST VIC 3057,"$1,670,000 ",Sold by private treaty 18 Nov 2022
BRUTHEN VIC 3885,"$590,000 ",Sold by private treaty 18 Nov 2022
BUNDOORA VIC 3083,"$732,500 ",Sold at auction 18 Nov 2022
BUNDOORA VIC 3083,"$743,500 ",Sold at auction 18 Nov 2022
CANADIAN VIC 3350,"$580,000 ",Sold by private treaty 18 Nov 2022
CARLTON VIC 3053,"$280,000 ",Sold by private treaty 18 Nov 2022
CARLTON VIC 3053,"$150,000 ",Sold by private treaty 18 Nov 2022
CAROLINE SPRINGS VIC 3023,"$730,000 ",Sold by private treaty 18 Nov 2022
CAULFIELD VIC 3162,"$1,229,888 ",Sold prior to auction 18 Nov 2022
CHELTENHAM VIC 3192,"$576,000 ",Sold by private treaty 18 Nov 2022
CHIRNSIDE PARK VIC 3116,"$765,000 ",Sold by private treaty 18 Nov 2022
CHURCHILL VIC 3842,"$430,000 ",Sold by private treaty 18 Nov 2022
COBURG NORTH VIC 3058,"$1,180,000 ",Sold at auction 18 Nov 2022
COLIGNAN VIC 3494,"$585,000 ",Sold by private treaty 18 Nov 2022
COWES VIC 3922,"$320,000 ",Sold by private treaty 18 Nov 2022
COWES VIC 3922,"$540,000 ",Sold by private treaty 18 Nov 2022
CRANBOURNE NORTH VIC 3977,"$705,000 ",Sold by private treaty 18 Nov 2022
CRANBOURNE WEST VIC 3977,"$515,000 ",Sold by private treaty 18 Nov 2022
CROYDON VIC 3136,"$740,000 ",Sold by private treaty 18 Nov 2022
CURLEWIS VIC 3222,"$587,000 ",Sold by private treaty 18 Nov 2022
DAISY HILL VIC 3465,"$535,000 ",Sold by private treaty 18 Nov 2022
DONCASTER VIC 3108,"$539,000 ",Sold by private treaty 18 Nov 2022
DONCASTER VIC 3108,"$680,000 ",Sold by private treaty 18 Nov 2022
DROUIN VIC 3818,"$755,000 ",Sold by private treaty 18 Nov 2022
DROUIN VIC 3818,"$663,000 ",Sold by private treaty 18 Nov 2022
DROUIN VIC 3818,"$525,000 ",Sold by private treaty 18 Nov 2022
EAST BENDIGO VIC 3550,"$425,000 ",Sold by private treaty 18 Nov 2022
EAST GEELONG VIC 3219,"$440,000 ",Sold by private treaty 18 Nov 2022
ESSENDON VIC 3040,"$880,000 ",Sold at auction 18 Nov 2022
ESSENDON VIC 3040,"$632,000 ",Sold at auction 18 Nov 2022
ESSENDON VIC 3040,"$410,000 ",Sold by private treaty 18 Nov 2022
FOREST HILL VIC 3131,"$1,070,000 ",Sold by private treaty 18 Nov 2022
GEELONG VIC 3220,"$1,150,000 ",Sold by private treaty 18 Nov 2022
GOWANBRAE VIC 3043,"$685,000 ",Sold at auction 18 Nov 2022
GREENSBOROUGH VIC 3088,"$480,000 ",Sold by private treaty 18 Nov 2022
GREENVALE VIC 3059,"$1,700,000 ",Sold prior to auction 18 Nov 2022
HAMPTON EAST VIC 3188,"$800,000 ",Sold prior to auction 18 Nov 2022
HARKNESS VIC 3337,"$630,000 ",Sold by private treaty 18 Nov 2022
HASTINGS VIC 3915,"$856,000 ",Sold by private treaty 18 Nov 2022
HASTINGS VIC 3915,"$580,000 ",Sold by private treaty 18 Nov 2022
HEATHCOTE VIC 3523,"$820,000 ",Sold by private treaty 18 Nov 2022
HEPBURN VIC 3461,"$620,000 ",Sold by private treaty 18 Nov 2022
HIGHTON VIC 3216,"$511,000 ",Sold by private treaty 18 Nov 2022
HOPPERS CROSSING VIC 3029,"$558,000 ",Sold by private treaty 18 Nov 2022
KANGAROO FLAT VIC 3555,"$503,000 ",Sold by private treaty 18 Nov 2022
KANGAROO FLAT VIC 3555,"$395,000 ",Sold by private treaty 18 Nov 2022
KENSINGTON VIC 3031,"$335,000 ",Sold by private treaty 18 Nov 2022
LAKES ENTRANCE VIC 3909,"$475,000 ",Sold by private treaty 18 Nov 2022
LANCEFIELD VIC 3435,"$610,000 ",Sold by private treaty 18 Nov 2022
LEONGATHA VIC 3953,"$465,000 ",Sold by private treaty 18 Nov 2022
LORNE VIC 3232,"$412,500 ",Sold by private treaty 18 Nov 2022
MACLEOD VIC 3085,"$542,000 ",Sold by private treaty 18 Nov 2022
MAFFRA VIC 3860,"$320,000 ",Sold by private treaty 18 Nov 2022
MALVERN EAST VIC 3145,"$1,020,000 ",Sold by private treaty 18 Nov 2022
MELTON SOUTH VIC 3338,"$380,000 ",Sold by private treaty 18 Nov 2022
MILDURA VIC 3500,"$185,000 ",Sold by private treaty 18 Nov 2022
MILL PARK VIC 3082,"$805,000 ",Sold by private treaty 18 Nov 2022
MOE VIC 3825,"$390,000 ",Sold by private treaty 18 Nov 2022
MOE VIC 3825,"$215,000 ",Sold by private treaty 18 Nov 2022
MOOROOLBARK VIC 3138,"$955,000 ",Sold by private treaty 18 Nov 2022
MORNINGTON VIC 3931,"$645,000 ",Sold by private treaty 18 Nov 2022
MORWELL VIC 3840,"$275,000 ",Sold by private treaty 18 Nov 2022
MORWELL VIC 3840,"$250,000 ",Sold by private treaty 18 Nov 2022
MORWELL VIC 3840,"$320,000 ",Sold by private treaty 18 Nov 2022
MOUNT ELIZA VIC 3930,"$1,200,000 ",Sold by private treaty 18 Nov 2022
MOUNT MARTHA VIC 3934,"$1,405,000 ",Sold by private treaty 18 Nov 2022
MYRTLEFORD VIC 3737,"$550,000 ",Sold by private treaty 18 Nov 2022
NARRE WARREN VIC 3805,"$320,000 ",Sold by private treaty 18 Nov 2022
NARRE WARREN NORTH VIC 3804,"$2,240,000 ",Sold by private treaty 18 Nov 2022
NICHOLSON VIC 3882,"$750,000 ",Sold by private treaty 18 Nov 2022
NIDDRIE VIC 3042,"$675,000 ",Sold prior to auction 18 Nov 2022
NOBLE PARK NORTH VIC 3174,"$810,000 ",Sold by private treaty 18 Nov 2022
NUNAWADING VIC 3131,"$280,000 ",Sold by private treaty 18 Nov 2022
OCEAN GROVE VIC 3226,"$1,305,000 ",Sold by private treaty 18 Nov 2022
PAKENHAM VIC 3810,"$762,000 ",Sold by private treaty 18 Nov 2022
PASCOE VALE VIC 3044,"$815,000 ",Sold by private treaty 18 Nov 2022
PASCOE VALE VIC 3044,"$670,000 ",Sold prior to auction 18 Nov 2022
PORT MELBOURNE VIC 3207,"$465,000 ",Sold by private treaty 18 Nov 2022
PORTLAND VIC 3305,"$740,000 ",Sold by private treaty 18 Nov 2022
PRAHRAN VIC 3181,"$7,500,000 ",Sold by private treaty 18 Nov 2022
RESERVOIR VIC 3073,"$725,000 ",Sold at auction 18 Nov 2022
ROCKBANK VIC 3335,"$379,000 ",Sold by private treaty 18 Nov 2022
ROCKBANK VIC 3335,"$355,000 ",Sold by private treaty 18 Nov 2022
ROCKBANK VIC 3335,"$353,000 ",Sold by private treaty 18 Nov 2022
ROCKBANK VIC 3335,"$379,000 ",Sold by private treaty 18 Nov 2022
ROCKBANK VIC 3335,"$355,000 ",Sold by private treaty 18 Nov 2022
ROCKBANK VIC 3335,"$364,000 ",Sold by private treaty 18 Nov 2022
ROCKBANK VIC 3335,"$364,000 ",Sold by private treaty 18 Nov 2022
ROCKBANK VIC 3335,"$576,666 ",Sold by private treaty 18 Nov 2022
ROWVILLE VIC 3178,"$1,320,000 ",Sold at auction 18 Nov 2022
ROXBURGH PARK VIC 3064,"$636,000 ",Sold by private treaty 18 Nov 2022
ROXBURGH PARK VIC 3064,"$887,000 ",Sold by private treaty 18 Nov 2022
RYE VIC 3941,"$840,000 ",Sold by private treaty 18 Nov 2022
SEAFORD VIC 3198,"$880,000 ",Sold by private treaty 18 Nov 2022
SEYMOUR VIC 3660,"$445,000 ",Sold at auction 18 Nov 2022
SHEPPARTON VIC 3630,"$505,000 ",Sold by private treaty 18 Nov 2022
SOMERVILLE VIC 3912,"$749,950 ",Sold by private treaty 18 Nov 2022
SOUTH YARRA VIC 3141,"$681,000 ",Sold prior to auction 18 Nov 2022
SOUTHBANK VIC 3006,"$605,000 ",Sold by private treaty 18 Nov 2022
ST KILDA VIC 3182,"$340,000 ",Sold by private treaty 18 Nov 2022
STANHOPE VIC 3623,"$452,000 ",Sold by private treaty 18 Nov 2022
STRATFORD VIC 3862,"$485,000 ",Sold by private treaty 18 Nov 2022
STRATHDALE VIC 3550,"$737,500 ",Sold by private treaty 18 Nov 2022
SUNBURY VIC 3429,"$741,000 ",Sold by private treaty 18 Nov 2022
SUNBURY VIC 3429,"$605,888 ",Sold by private treaty 18 Nov 2022
SUNSHINE WEST VIC 3020,"$700,000 ",Sold at auction 18 Nov 2022
TARNEIT VIC 3029,"$655,000 ",Sold by private treaty 18 Nov 2022
TARNEIT VIC 3029,"$625,000 ",Sold by private treaty 18 Nov 2022
TARNEIT VIC 3029,"$673,000 ",Sold by private treaty 18 Nov 2022
TATURA VIC 3616,"$751,000 ",Sold by private treaty 18 Nov 2022
TAWONGA SOUTH VIC 3698,"$674,000 ",Sold by private treaty 18 Nov 2022
TAYLORS HILL VIC 3037,"$741,000 ",Sold at auction 18 Nov 2022
THOMASTOWN VIC 3074,"$5,550,000 ",Sold by private treaty 18 Nov 2022
THORNBURY VIC 3071,"$305,000 ",Sold by private treaty 18 Nov 2022
THORNHILL PARK VIC 3335,"$236,000 ",Sold by private treaty 18 Nov 2022
THORNHILL PARK VIC 3335,"$300,000 ",Sold by private treaty 18 Nov 2022
TONGALA VIC 3621,"$495,000 ",Sold by private treaty 18 Nov 2022
TOOTGAROOK VIC 3941,"$600,000 ",Sold by private treaty 18 Nov 2022
TRARALGON VIC 3844,"$710,000 ",Sold by private treaty 18 Nov 2022
TRARALGON VIC 3844,"$695,000 ",Sold by private treaty 18 Nov 2022
TRARALGON VIC 3844,"$608,000 ",Sold by private treaty 18 Nov 2022
TRARALGON VIC 3844,"$470,000 ",Sold by private treaty 18 Nov 2022
TRARALGON VIC 3844,"$480,000 ",Sold by private treaty 18 Nov 2022
VENUS BAY VIC 3956,"$760,000 ",Sold by private treaty 18 Nov 2022
VENUS BAY VIC 3956,"$605,000 ",Sold by private treaty 18 Nov 2022
VIEWBANK VIC 3084,"$1,270,000 ",Sold at auction 18 Nov 2022
WALLAN VIC 3756,"$600,000 ",Sold by private treaty 18 Nov 2022
WALLAN VIC 3756,"$475,000 ",Sold by private treaty 18 Nov 2022
WANTIRNA VIC 3152,"$910,000 ",Sold prior to auction 18 Nov 2022
WANTIRNA SOUTH VIC 3152,"$507,000 ",Sold prior to auction 18 Nov 2022
WARRAGUL VIC 3820,"$507,000 ",Sold by private treaty 18 Nov 2022
WARRAGUL VIC 3820,"$360,000 ",Sold by private treaty 18 Nov 2022
WARRAGUL VIC 3820,"$1,025,000 ",Sold by private treaty 18 Nov 2022
WARRNAMBOOL VIC 3280,"$530,000 ",Sold by private treaty 18 Nov 2022
WENDOUREE VIC 3355,"$396,000 ",Sold by private treaty 18 Nov 2022
WERRIBEE VIC 3030,"$550,000 ",Sold by private treaty 18 Nov 2022
WERRIBEE VIC 3030,"$640,000 ",Sold by private treaty 18 Nov 2022
WOLLERT VIC 3750,"$1,185,000 ",Sold by private treaty 18 Nov 2022
WOLLERT VIC 3750,"$388,000 ",Sold by private treaty 18 Nov 2022
WONTHAGGI VIC 3995,"$605,000 ",Sold by private treaty 18 Nov 2022
WONTHAGGI VIC 3995,"$640,000 ",Sold by private treaty 18 Nov 2022
WONTHAGGI VIC 3995,"$612,500 ",Sold by private treaty 18 Nov 2022
WYNDHAM VALE VIC 3024,"$835,000 ",Sold at auction 18 Nov 2022
YARRAGON VIC 3823,"$460,000 ",Sold by private treaty 18 Nov 2022
YARROWEYAH VIC 3644,"$775,000 ",Sold by private treaty 18 Nov 2022
ALBERT PARK VIC 3206,"$1,550,000 ",Sold by private treaty 17 Nov 2022
ALFREDTON VIC 3350,"$570,000 ",Sold by private treaty 17 Nov 2022
ALFREDTON VIC 3350,"$650,000 ",Sold by private treaty 17 Nov 2022
BACCHUS MARSH VIC 3340,"$472,000 ",Sold by private treaty 17 Nov 2022
BALACLAVA VIC 3183,"$1,270,000 ",Sold by private treaty 17 Nov 2022
BALLARAT NORTH VIC 3350,"$550,000 ",Sold by private treaty 17 Nov 2022
BANNOCKBURN VIC 3331,"$720,000 ",Sold by private treaty 17 Nov 2022
BARKERS CREEK VIC 3451,"$1,350,000 ",Sold by private treaty 17 Nov 2022
BELMONT VIC 3216,"$725,000 ",Sold by private treaty 17 Nov 2022
BENALLA VIC 3672,"$625,000 ",Sold by private treaty 17 Nov 2022
BENDIGO VIC 3550,"$805,000 ",Sold by private treaty 17 Nov 2022
BENTLEIGH EAST VIC 3165,"$1,200,000 ",Sold by private treaty 17 Nov 2022
BLACK HILL VIC 3350,"$500,000 ",Sold by private treaty 17 Nov 2022
BLACKBURN VIC 3130,"$1,251,000 ",Sold at auction 17 Nov 2022
BLACKBURN NORTH VIC 3130,"$1,200,000 ",Sold at auction 17 Nov 2022
BORONIA VIC 3155,"$800,000 ",Sold by private treaty 17 Nov 2022
BOTANIC RIDGE VIC 3977,"$1,230,000 ",Sold by private treaty 17 Nov 2022
BRIGHTON VIC 3186,"$1,050,000 ",Sold by private treaty 17 Nov 2022
BROADFORD VIC 3658,"$800,000 ",Sold by private treaty 17 Nov 2022
BRUNSWICK EAST VIC 3057,"$449,000 ",Sold by private treaty 17 Nov 2022
BRUNSWICK WEST VIC 3055,"$360,000 ",Sold by private treaty 17 Nov 2022
BULLEEN VIC 3105,"$1,206,800 ",Sold at auction 17 Nov 2022
BULLEEN VIC 3105,"$1,800,000 ",Sold by private treaty 17 Nov 2022
BUNYIP VIC 3815,"$683,000 ",Sold by private treaty 17 Nov 2022
CAPE PATERSON VIC 3995,"$1,020,000 ",Sold by private treaty 17 Nov 2022
CAPEL SOUND VIC 3940,"$950,000 ",Sold by private treaty 17 Nov 2022
CAROLINE SPRINGS VIC 3023,"$760,000 ",Sold by private treaty 17 Nov 2022
CHEWTON VIC 3451,"$258,000 ",Sold by private treaty 17 Nov 2022
CHIRNSIDE PARK VIC 3116,"$790,000 ",Sold by private treaty 17 Nov 2022
CHIRNSIDE PARK VIC 3116,"$885,000 ",Sold by private treaty 17 Nov 2022
CLYDE VIC 3978,"$745,000 ",Sold by private treaty 17 Nov 2022
CLYDE NORTH VIC 3978,"$630,000 ",Sold by private treaty 17 Nov 2022
CLYDE NORTH VIC 3978,"$700,000 ",Sold by private treaty 17 Nov 2022
COBURG VIC 3058,"$1,285,000 ",Sold at auction 17 Nov 2022
COOLAROO VIC 3048,"$437,500 ",Sold by private treaty 17 Nov 2022
COWES VIC 3922,"$775,000 ",Sold by private treaty 17 Nov 2022
CRAIGIEBURN VIC 3064,"$630,000 ",Sold by private treaty 17 Nov 2022
CRAIGIEBURN VIC 3064,"$575,000 ",Sold at auction 17 Nov 2022
CRANBOURNE VIC 3977,"$600,000 ",Sold by private treaty 17 Nov 2022
CRANBOURNE NORTH VIC 3977,"$905,000 ",Sold at auction 17 Nov 2022
CROYDON VIC 3136,"$735,000 ",Sold by private treaty 17 Nov 2022
DALYSTON VIC 3992,"$699,000 ",Sold by private treaty 17 Nov 2022
DANDENONG VIC 3175,"$341,000 ",Sold by private treaty 17 Nov 2022
DELAHEY VIC 3037,"$340,000 ",Sold prior to auction 17 Nov 2022
DENNINGTON VIC 3280,"$620,000 ",Sold by private treaty 17 Nov 2022
DOCKLANDS VIC 3008,"$320,000 ",Sold by private treaty 17 Nov 2022
DONCASTER EAST VIC 3109,"$500,000 ",Sold by private treaty 17 Nov 2022
DONNYBROOK VIC 3064,"$325,000 ",Sold by private treaty 17 Nov 2022
DOREEN VIC 3754,"$768,000 ",Sold by private treaty 17 Nov 2022
DROUIN VIC 3818,"$710,000 ",Sold by private treaty 17 Nov 2022
DROUIN VIC 3818,"$517,500 ",Sold by private treaty 17 Nov 2022
DROUIN VIC 3818,"$585,000 ",Sold by private treaty 17 Nov 2022
ECHUCA VIC 3564,"$730,000 ",Sold by private treaty 17 Nov 2022
ELTHAM VIC 3095,"$1,715,000 ",Sold at auction 17 Nov 2022
EPSOM VIC 3551,"$660,000 ",Sold by private treaty 17 Nov 2022
ESSENDON WEST VIC 3040,"$1,225,000 ",Sold prior to auction 17 Nov 2022
EYNESBURY VIC 3338,"$695,000 ",Sold by private treaty 17 Nov 2022
FERNTREE GULLY VIC 3156,"$715,000 ",Sold by private treaty 17 Nov 2022
FRANKSTON VIC 3199,"$860,000 ",Sold prior to auction 17 Nov 2022
FRANKSTON NORTH VIC 3200,"$490,000 ",Sold by private treaty 17 Nov 2022
GEELONG WEST VIC 3218,"$652,000 ",Sold by private treaty 17 Nov 2022
HADFIELD VIC 3046,"$516,000 ",Sold by private treaty 17 Nov 2022
HADFIELD VIC 3046,"$535,000 ",Sold by private treaty 17 Nov 2022
HAMILTON VIC 3300,"$330,000 ",Sold by private treaty 17 Nov 2022
HASTINGS VIC 3915,"$570,000 ",Sold by private treaty 17 Nov 2022
HEIDELBERG HEIGHTS VIC 3081,"$875,000 ",Sold at auction 17 Nov 2022
HIGHTON VIC 3216,"$377,000 ",Sold by private treaty 17 Nov 2022
HIGHTON VIC 3216,"$920,000 ",Sold by private treaty 17 Nov 2022
HOPPERS CROSSING VIC 3029,"$690,000 ",Sold by private treaty 17 Nov 2022
INVERMAY PARK VIC 3350,"$995,000 ",Sold by private treaty 17 Nov 2022
JEPARIT VIC 3423,"$168,000 ",Sold by private treaty 17 Nov 2022
KANGAROO FLAT VIC 3555,"$550,000 ",Sold by private treaty 17 Nov 2022
KANGAROO FLAT VIC 3555,"$599,000 ",Sold by private treaty 17 Nov 2022
KEILOR DOWNS VIC 3038,"$840,000 ",Sold at auction 17 Nov 2022
KEILOR PARK VIC 3042,"$882,500 ",Sold prior to auction 17 Nov 2022
KILMORE VIC 3764,"$620,000 ",Sold by private treaty 17 Nov 2022
KYABRAM VIC 3620,"$330,000 ",Sold by private treaty 17 Nov 2022
KYNETON VIC 3444,"$703,000 ",Sold by private treaty 17 Nov 2022
